generation,agent_id,strategy,dominant,wins,losses,draws,fitness,generation_born
0,1,"-0-+---0","Defensive(-)",4,6,5,21.74,0
0,2,"0+000+0-","Neutral(0)",5,7,3,22.41,0
0,3,"--0---++","Defensive(-)",7,3,5,30.89,0
0,4,"0+--0--0","Defensive(-)",7,7,1,26.56,0
0,5,"--0-0--+","Defensive(-)",2,10,3,13.35,0
0,6,"+++00+-0","Aggressive(+)",7,6,2,27.71,0
0,7,"0-0+--00","Neutral(0)",7,5,3,28.65,0
0,8,"+-++--+-","Mixed(+/-)",7,6,2,28.28,0
0,9,"+-0+-0-0","Mixed(-/0)",5,5,5,24.95,0
0,10,"-0-0-+++","Mixed(+/-)",8,2,5,34.46,0
0,11,"-0-0+--0","Defensive(-)",6,7,2,25.04,0
0,12,"0000-00+","Neutral(0)",8,6,1,29.86,0
0,13,"++++00-0","Aggressive(+)",4,7,4,20.68,0
0,14,"0-0+0++0","Neutral(0)",7,6,2,27.86,0
0,15,"-000-0+0","Neutral(0)",6,4,5,27.89,0
0,16,"--+-0+++","Aggressive(+)",4,7,4,20.68,0
1,10,"-0-0-+++","Mixed(+/-)",4,8,3,19.35,0
1,3,"--0---++","Defensive(-)",7,6,2,27.62,0
1,12,"0000-00+","Neutral(0)",4,8,3,18.87,0
1,7,"0-0+--00","Neutral(0)",9,5,1,33.34,0
1,17,"---0-+0+","Defensive(-)",8,5,2,31.25,1
1,18,"00-0+++0","Neutral(0)",12,2,1,42.46,1
1,19,"+--00+++","Aggressive(+)",2,11,2,11.84,1
1,20,"-++---++","Mixed(+/-)",7,4,4,29.62,1
1,21,"--0---++","Defensive(-)",6,5,4,26.95,1
1,22,"--0-+0++","Mixed(+/-)",6,6,3,26.01,1
1,23,"000+-0++","Neutral(0)",2,11,2,11.30,1
1,24,"00-0-00+","Neutral(0)",5,4,6,26.10,1
1,25,"00++0000","Neutral(0)",4,9,2,18.62,1
1,26,"0-0+--00","Neutral(0)",6,5,4,26.80,1
1,27,"0000--00","Neutral(0)",7,3,5,30.71,1
1,28,"0+00--00","Neutral(0)",8,5,2,31.28,1
2,18,"00-0+++0","Neutral(0)",11,3,1,39.73,1
2,7,"0-0+--00","Neutral(0)",4,10,1,16.78,0
2,28,"0+00--00","Neutral(0)",5,8,2,21.29,1
2,17,"---0-+0+","Defensive(-)",6,7,2,24.68,1
2,29,"00-0-+-0","Neutral(0)",12,3,0,41.58,2
2,30,"00-0+0+0","Neutral(0)",7,5,3,29.04,2
2,31,"-0+0+++0","Aggressive(+)",11,3,1,39.61,2
2,32,"000+--00","Neutral(0)",5,7,3,21.93,2
2,33,"0+0---0+","Mixed(-/0)",2,9,4,13.75,2
2,34,"+-++--00","Mixed(+/-)",8,6,1,29.71,2
2,35,"0-000-00","Neutral(0)",4,9,2,18.17,2
2,36,"0-00--00","Neutral(0)",5,5,5,24.26,2
2,37,"0+00--+0","Neutral(0)",5,9,1,20.05,2
2,38,"-+-0--00","Defensive(-)",6,8,1,23.53,2
2,39,"---0-+0+","Defensive(-)",7,5,3,29.25,2
2,40,"-+-+0+-+","Aggressive(+)",6,7,2,25.13,2
3,29,"00-0-+-0","Neutral(0)",5,6,4,23.47,2
3,18,"00-0+++0","Neutral(0)",4,9,2,18.26,1
3,31,"-0+0+++0","Aggressive(+)",14,1,0,48.00,2
3,34,"+-++--00","Mixed(+/-)",3,10,2,15.41,2
3,41,"-+-+-+-0","Defensive(-)",2,8,5,15.11,3
3,42,"-0-0-+-0","Defensive(-)",5,7,3,22.50,3
3,43,"00-0-+-0","Neutral(0)",6,8,1,23.50,3
3,44,"0--0++-+","Mixed(+/-)",4,8,3,19.62,3
3,45,"000+0++0","Neutral(0)",5,9,1,20.02,3
3,46,"-000-+++","Mixed(+/0)",8,3,4,33.04,3
3,47,"-0+++++0","Aggressive(+)",9,4,2,33.92,3
3,48,"-0+0+++0","Aggressive(+)",9,5,1,32.68,3
3,49,"-0+0+++0","Aggressive(+)",8,5,2,30.98,3
3,50,"+-++--00","Mixed(+/-)",4,6,5,21.53,3
3,51,"+-+++-00","Aggressive(+)",6,6,3,25.62,3
3,52,"+-+++-00","Aggressive(+)",7,4,4,30.19,3
4,31,"-0+0+++0","Aggressive(+)",6,4,5,27.65,2
4,47,"-0+++++0","Aggressive(+)",5,6,4,23.38,3
4,46,"-000-+++","Mixed(+/0)",3,8,4,17.17,3
4,48,"-0+0+++0","Aggressive(+)",4,4,7,23.56,3
4,53,"-0+00-+0","Neutral(0)",5,6,4,23.59,4
4,54,"-000+++-","Mixed(+/0)",12,1,2,43.43,4
4,55,"00+-+++0","Aggressive(+)",8,5,2,30.95,4
4,56,"00+++++0","Aggressive(+)",3,9,3,15.78,4
4,57,"+00++++0","Aggressive(+)",8,3,4,33.13,4
4,58,"-0++++00","Aggressive(+)",9,4,2,33.71,4
4,59,"-0-0-+++","Mixed(+/-)",2,12,1,10.30,4
4,60,"-0+0-+0+","Mixed(+/0)",4,7,4,19.96,4
4,61,"-00+-+++","Aggressive(+)",4,9,2,17.87,4
4,62,"-0+0+0+0","Neutral(0)",7,5,3,28.86,4
4,63,"-0+0-++0","Mixed(+/0)",5,8,2,20.96,4
4,64,"----++00","Defensive(-)",9,3,3,35.43,4
5,54,"-000+++-","Mixed(+/0)",5,6,4,23.17,4
5,64,"----++00","Defensive(-)",7,3,5,31.19,4
5,58,"-0++++00","Aggressive(+)",6,9,0,22.23,4
5,57,"+00++++0","Aggressive(+)",4,9,2,18.32,4
5,65,"--00++++","Aggressive(+)",5,7,3,21.99,5
5,66,"-000+++-","Mixed(+/0)",8,3,4,32.71,5
5,67,"-000+++-","Mixed(+/0)",4,10,1,16.78,5
5,68,"-0---+00","Defensive(-)",3,10,2,14.96,5
5,69,"--+--+-+","Defensive(-)",5,9,1,20.11,5
5,70,"----++0-","Defensive(-)",11,3,1,39.40,5
5,71,"-0-0++00","Neutral(0)",7,7,1,26.83,5
5,72,"-0-++++0","Aggressive(+)",4,8,3,19.11,5
5,73,"-00+0+00","Neutral(0)",6,6,3,25.71,5
5,74,"+--++++0","Aggressive(+)",12,0,3,44.85,5
5,75,"++0--0-0","Mixed(-/0)",6,7,2,25.34,5
5,76,"+00+-0+0","Neutral(0)",8,4,3,32.31,5
6,74,"+--++++0","Aggressive(+)",10,2,3,38.52,5
6,70,"----++0-","Defensive(-)",11,3,1,39.97,5
6,66,"-000+++-","Mixed(+/0)",5,7,3,22.32,5
6,76,"+00+-0+0","Neutral(0)",5,8,2,21.11,5
6,77,"+++++-+0","Aggressive(+)",6,6,3,25.77,6
6,78,"+--+0++0","Aggressive(+)",6,5,4,26.83,6
6,79,"+-0++++0","Aggressive(+)",7,6,2,27.80,6
6,80,"--+-+0+0","Mixed(+/-)",4,10,1,17.80,6
6,81,"0-00+00-","Neutral(0)",12,2,1,42.85,6
6,82,"----++0-","Defensive(-)",8,2,5,34.61,6
6,83,"-00-+++-","Mixed(+/-)",4,9,2,18.05,6
6,84,"-000-0+-","Neutral(0)",1,10,4,10.93,6
6,85,"-000-++-","Mixed(-/0)",4,10,1,16.78,6
6,86,"0000--0+","Neutral(0)",5,6,4,23.35,6
6,87,"+00++0+0","Mixed(+/0)",6,6,3,25.26,6
6,88,"+-0+-0+0","Mixed(+/0)",6,8,1,23.11,6
7,81,"0-00+00-","Neutral(0)",4,7,4,20.35,6
7,70,"----++0-","Defensive(-)",9,4,2,33.74,5
7,74,"+--++++0","Aggressive(+)",4,9,2,18.05,5
7,82,"----++0-","Defensive(-)",6,4,5,27.92,6
7,89,"0000+00-","Neutral(0)",5,8,2,21.65,7
7,90,"0-00+00-","Neutral(0)",5,8,2,21.53,7
7,91,"0--0000-","Neutral(0)",10,3,2,37.76,7
7,92,"-----+0-","Defensive(-)",6,4,5,27.65,7
7,93,"-+-0+++-","Aggressive(+)",8,4,3,32.13,7
7,94,"--0-0-0-","Defensive(-)",6,8,1,23.38,7
7,95,"+--+0++0","Aggressive(+)",7,5,3,28.50,7
7,96,"-+0++++0","Aggressive(+)",2,8,5,15.02,7
7,97,"000-+++-","Mixed(+/0)",5,7,3,22.44,7
7,98,"----++--","Defensive(-)",9,5,1,32.92,7
7,99,"--++-+--","Defensive(-)",4,8,3,19.62,7
7,100,"+-0-0+0-","Mixed(-/0)",6,4,5,27.92,7
8,91,"0--0000-","Neutral(0)",6,6,3,25.53,7
8,70,"----++0-","Defensive(-)",7,5,3,28.35,5
8,98,"----++--","Defensive(-)",7,4,4,29.86,7
8,93,"-+-0+++-","Aggressive(+)",3,6,6,19.23,7
8,101,"0-+00+0-","Neutral(0)",3,5,7,20.56,8
8,102,"0--0000-","Neutral(0)",6,5,4,26.80,8
8,103,"+--0000-","Neutral(0)",8,5,2,30.98,8
8,104,"----++0-","Defensive(-)",6,4,5,27.32,8
8,105,"----+-0+","Defensive(-)",7,5,3,28.50,8
8,106,"--+-++0-","Defensive(-)",7,6,2,27.83,8
8,107,"----+++-","Defensive(-)",3,8,4,16.99,8
8,108,"+---+0-+","Defensive(-)",10,2,3,38.70,8
8,109,"-----+--","Defensive(-)",7,7,1,26.38,8
8,110,"++---++-","Mixed(+/-)",4,9,2,18.29,8
8,111,"-+-+-+0+","Aggressive(+)",6,5,4,26.95,8
8,112,"-+-0+++-","Aggressive(+)",2,10,3,12.78,8
9,108,"+---+0-+","Defensive(-)",10,4,1,36.43,8
9,103,"+--0000-","Neutral(0)",2,10,3,12.99,8
9,98,"----++--","Defensive(-)",6,4,5,27.47,7
9,105,"----+-0+","Defensive(-)",5,7,3,22.32,8
9,113,"+----00+","Defensive(-)",6,8,1,23.08,9
9,114,"+0--+0-0","Mixed(-/0)",6,3,6,28.98,9
9,115,"+0--+00+","Mixed(+/0)",4,7,4,20.26,9
9,116,"---00+--","Defensive(-)",5,5,5,24.68,9
9,117,"+--0000-","Neutral(0)",7,6,2,27.71,9
9,118,"0--+000-","Neutral(0)",7,6,2,28.13,9
9,119,"-0--00-0","Mixed(-/0)",6,8,1,23.44,9
9,120,"-+--+--0","Defensive(-)",10,4,1,36.28,9
9,121,"----+---","Defensive(-)",7,2,6,32.07,9
9,122,"-+--+-0+","Defensive(-)",3,9,3,16.02,9
9,123,"--+-+-00","Defensive(-)",7,4,4,30.16,9
9,124,"-0--+-0+","Defensive(-)",4,8,3,19.20,9
