grace,trust,survival,entropy,trust_events,grace_events
0.000,0.000,0.3760,1.3301,143563,0
0.000,0.053,0.3700,1.3194,159945,0
0.000,0.105,0.4280,1.4127,172035,0
0.000,0.158,0.4220,1.4014,187133,0
0.000,0.211,0.4840,1.4817,198601,0
0.000,0.263,0.4540,1.4465,221497,0
0.000,0.316,0.4560,1.4492,223831,0
0.000,0.368,0.4780,1.4739,236518,0
0.000,0.421,0.5220,1.5194,256600,0
0.000,0.474,0.5500,1.5426,269280,0
0.000,0.526,0.5180,1.5136,278711,0
0.000,0.579,0.5060,1.5059,296015,0
0.000,0.632,0.5300,1.5262,296252,0
0.000,0.684,0.5620,1.5508,316986,0
0.000,0.737,0.6100,1.5723,322409,0
0.000,0.789,0.6140,1.5748,329778,0
0.000,0.842,0.5600,1.5488,345854,0
0.000,0.895,0.5900,1.5654,355750,0
0.000,0.947,0.6100,1.5718,365672,0
0.000,1.000,0.5820,1.5619,373522,0
0.053,0.000,0.2660,1.1004,73092,1875
0.053,0.053,0.2760,1.1151,77696,2023
0.053,0.105,0.3020,1.1849,85530,2229
0.053,0.158,0.3160,1.2160,90014,2345
0.053,0.211,0.3080,1.1975,94973,2497
0.053,0.263,0.3100,1.2016,99112,2672
0.053,0.316,0.3240,1.2325,105302,2796
0.053,0.368,0.3440,1.2692,110561,3056
0.053,0.421,0.3560,1.2859,114318,3128
0.053,0.474,0.3620,1.2915,122411,3267
0.053,0.526,0.3620,1.2986,130988,3541
0.053,0.579,0.3480,1.2669,134851,3522
0.053,0.632,0.3960,1.3561,136802,3596
0.053,0.684,0.4140,1.3895,146981,3882
0.053,0.737,0.3920,1.3578,147386,3993
0.053,0.789,0.4020,1.3689,156412,4080
0.053,0.842,0.4160,1.3951,158368,4225
0.053,0.895,0.4100,1.3863,164182,4342
0.053,0.947,0.4060,1.3792,165552,4406
0.053,1.000,0.4140,1.3905,172225,4568
0.105,0.000,0.2140,0.9627,51238,2630
0.105,0.053,0.2120,0.9559,50668,2798
0.105,0.105,0.2480,1.0425,53928,2979
0.105,0.158,0.2140,0.9627,59915,3249
0.105,0.211,0.2700,1.1011,60755,3332
0.105,0.263,0.2840,1.1445,67124,3640
0.105,0.316,0.3000,1.1813,70427,3786
0.105,0.368,0.2580,1.0777,74208,3969
0.105,0.421,0.2540,1.0706,75625,4175
0.105,0.474,0.2920,1.1614,81142,4414
0.105,0.526,0.2860,1.1494,85424,4703
0.105,0.579,0.2980,1.1747,84504,4698
0.105,0.632,0.3200,1.2173,92625,5012
0.105,0.684,0.3340,1.2523,96226,5201
0.105,0.737,0.3600,1.3006,98760,5377
0.105,0.789,0.3340,1.2446,104092,5602
0.105,0.842,0.3360,1.2528,108775,5690
0.105,0.895,0.3060,1.1924,108037,5873
0.105,0.947,0.3320,1.2411,113163,6074
0.105,1.000,0.3860,1.3481,116913,6289
0.158,0.000,0.1960,0.9084,36141,3091
0.158,0.053,0.1980,0.9106,38307,3194
0.158,0.105,0.1860,0.8755,41209,3435
0.158,0.158,0.2020,0.9247,44567,3803
0.158,0.211,0.2380,1.0282,47556,3917
0.158,0.263,0.2380,1.0297,50450,4090
0.158,0.316,0.2400,1.0338,50913,4395
0.158,0.368,0.2200,0.9749,54292,4544
0.158,0.421,0.2480,1.0531,57447,4903
0.158,0.474,0.2660,1.0911,60747,5093
0.158,0.526,0.2860,1.1432,61368,5251
0.158,0.579,0.2840,1.1399,67025,5411
0.158,0.632,0.2940,1.1543,67929,5674
0.158,0.684,0.3020,1.1853,73211,5983
0.158,0.737,0.3060,1.1865,73837,6167
0.158,0.789,0.3140,1.2069,75271,6382
0.158,0.842,0.2920,1.1566,80148,6598
0.158,0.895,0.2760,1.1209,80915,6687
0.158,0.947,0.2880,1.1462,83377,6961
0.158,1.000,0.3180,1.2201,87963,7248
0.211,0.000,0.1880,0.8850,30311,3374
0.211,0.053,0.2100,0.9484,31713,3645
0.211,0.105,0.1780,0.8535,34176,3948
0.211,0.158,0.1740,0.8388,35604,4111
0.211,0.211,0.2140,0.9600,38375,4365
0.211,0.263,0.2000,0.9214,38901,4439
0.211,0.316,0.2200,0.9738,41185,4568
0.211,0.368,0.2160,0.9687,44292,5039
0.211,0.421,0.2000,0.9172,45424,5193
0.211,0.474,0.2560,1.0650,45812,5411
0.211,0.526,0.2200,0.9759,50905,5673
0.211,0.579,0.2380,1.0282,54226,5914
0.211,0.632,0.2460,1.0363,53564,6098
0.211,0.684,0.2520,1.0664,55774,6439
0.211,0.737,0.2960,1.1717,58698,6713
0.211,0.789,0.2600,1.0846,59006,6720
0.211,0.842,0.2760,1.0897,63299,7106
0.211,0.895,0.2700,1.1011,63886,7316
0.211,0.947,0.2840,1.1445,66053,7497
0.211,1.000,0.2840,1.1445,66731,7841
0.263,0.000,0.1660,0.8145,24230,3587
0.263,0.053,0.1900,0.8746,25170,3755
0.263,0.105,0.1480,0.7516,26985,3827
0.263,0.158,0.1480,0.7464,29038,4195
0.263,0.211,0.1820,0.8564,31704,4486
0.263,0.263,0.1900,0.8913,30971,4734
0.263,0.316,0.1940,0.8872,34564,4979
0.263,0.368,0.2360,1.0184,35602,5206
0.263,0.421,0.2340,1.0186,37487,5453
0.263,0.474,0.2260,0.9567,39510,5683
0.263,0.526,0.2220,0.9789,42169,5917
0.263,0.579,0.2300,1.0035,42261,6197
0.263,0.632,0.2380,1.0291,42930,6512
0.263,0.684,0.2180,0.9742,44429,6593
0.263,0.737,0.2280,1.0025,46785,6941
0.263,0.789,0.2580,1.0768,47429,6944
0.263,0.842,0.2600,1.0851,52943,7469
0.263,0.895,0.2480,1.0553,52671,7550
0.263,0.947,0.2500,1.0452,54390,7768
0.263,1.000,0.2480,1.0523,55488,8354
0.316,0.000,0.1560,0.7679,21776,3782
0.316,0.053,0.1660,0.8143,23266,4051
0.316,0.105,0.1760,0.8467,23061,4251
0.316,0.158,0.1780,0.8509,24750,4456
0.316,0.211,0.1840,0.8727,25136,4635
0.316,0.263,0.1940,0.9004,27923,4850
0.316,0.316,0.2000,0.9135,29373,5170
0.316,0.368,0.2000,0.8982,29230,5302
0.316,0.421,0.2000,0.9172,31754,5625
0.316,0.474,0.1980,0.9106,32811,5900
0.316,0.526,0.2000,0.9214,35001,6116
0.316,0.579,0.2020,0.9174,35505,6267
0.316,0.632,0.2180,0.9580,37215,6501
0.316,0.684,0.1980,0.9126,38568,6974
0.316,0.737,0.2500,1.0469,40233,6983
0.316,0.789,0.2560,1.0762,41437,7398
0.316,0.842,0.2460,1.0346,42527,7594
0.316,0.895,0.2160,0.9686,42463,7611
0.316,0.947,0.2260,0.9967,46125,8172
0.316,1.000,0.2560,1.0738,47101,8342
0.368,0.000,0.1340,0.7023,18468,3959
0.368,0.053,0.1620,0.7959,19181,4149
0.368,0.105,0.1440,0.7357,20110,4403
0.368,0.158,0.1820,0.8663,21650,4513
0.368,0.211,0.1700,0.8248,23346,4890
0.368,0.263,0.1800,0.8585,22907,5023
0.368,0.316,0.1680,0.8167,24743,5354
0.368,0.368,0.1800,0.8454,25638,5460
0.368,0.421,0.1940,0.9012,27330,5739
0.368,0.474,0.1880,0.8803,27011,5876
0.368,0.526,0.1940,0.8944,29098,6318
0.368,0.579,0.1900,0.8902,28464,6365
0.368,0.632,0.2220,0.9842,32502,6709
0.368,0.684,0.2040,0.9302,32391,6817
0.368,0.737,0.2000,0.9121,33403,7023
0.368,0.789,0.2260,0.9969,35175,7325
0.368,0.842,0.2080,0.9443,35414,7628
0.368,0.895,0.2460,1.0495,37552,7904
0.368,0.947,0.2260,0.9948,37554,8086
0.368,1.000,0.2380,1.0296,38659,8459
0.421,0.000,0.1480,0.7527,16742,4089
0.421,0.053,0.1400,0.7239,16674,4117
0.421,0.105,0.1620,0.7989,18525,4448
0.421,0.158,0.1300,0.6856,18792,4623
0.421,0.211,0.1720,0.8245,19307,4837
0.421,0.263,0.1660,0.8124,21036,5243
0.421,0.316,0.1940,0.8725,21403,5285
0.421,0.368,0.1540,0.7637,22173,5509
0.421,0.421,0.1860,0.8783,23193,5769
0.421,0.474,0.1540,0.7733,23418,6079
0.421,0.526,0.1920,0.8955,25355,6263
0.421,0.579,0.2200,0.9608,26149,6556
0.421,0.632,0.1720,0.8299,25802,6611
0.421,0.684,0.2060,0.9391,28184,7039
0.421,0.737,0.2140,0.9349,28181,6986
0.421,0.789,0.2240,0.9633,28821,7298
0.421,0.842,0.2360,0.9844,29869,7552
0.421,0.895,0.1960,0.9027,30197,7770
0.421,0.947,0.2120,0.9573,31546,8108
0.421,1.000,0.2140,0.9624,33255,8343
0.474,0.000,0.1100,0.6093,13890,4073
0.474,0.053,0.1540,0.7733,14702,4389
0.474,0.105,0.1380,0.7144,16020,4636
0.474,0.158,0.1500,0.7566,16265,4713
0.474,0.211,0.1440,0.7225,17356,5041
0.474,0.263,0.1580,0.7853,17955,5153
0.474,0.316,0.1620,0.7970,18565,5320
0.474,0.368,0.1680,0.8053,19374,5659
0.474,0.421,0.1920,0.8777,20376,5861
0.474,0.474,0.1660,0.8145,20724,6051
0.474,0.526,0.1540,0.7552,22462,6401
0.474,0.579,0.1780,0.8398,22836,6553
0.474,0.632,0.1760,0.8360,22246,6730
0.474,0.684,0.1780,0.8509,24751,6984
0.474,0.737,0.1740,0.8408,24939,7102
0.474,0.789,0.1960,0.9089,26327,7572
0.474,0.842,0.1820,0.8628,27773,7693
0.474,0.895,0.1780,0.8500,26883,7846
0.474,0.947,0.1800,0.8590,28082,8091
0.474,1.000,0.2060,0.9278,27617,8213
0.526,0.000,0.1340,0.6926,13107,4322
0.526,0.053,0.1140,0.6201,13393,4286
0.526,0.105,0.1500,0.7512,15019,4699
0.526,0.158,0.1280,0.6767,14523,4814
0.526,0.211,0.1360,0.7011,16545,5050
0.526,0.263,0.1500,0.7495,16336,5309
0.526,0.316,0.1500,0.7555,16970,5514
0.526,0.368,0.1320,0.6917,16397,5654
0.526,0.421,0.1500,0.7589,17250,5901
0.526,0.474,0.1660,0.8140,18083,6084
0.526,0.526,0.1800,0.8569,19221,6265
0.526,0.579,0.1380,0.7093,19427,6400
0.526,0.632,0.1680,0.8200,20200,6752
0.526,0.684,0.1840,0.8717,20771,6925
0.526,0.737,0.1760,0.8456,21203,7182
0.526,0.789,0.1560,0.7788,22351,7428
0.526,0.842,0.1780,0.8490,22422,7413
0.526,0.895,0.1940,0.8805,22369,7668
0.526,0.947,0.1720,0.8340,23508,7990
0.526,1.000,0.1780,0.8535,25377,8277
0.579,0.000,0.1340,0.6974,11439,4309
0.579,0.053,0.1380,0.7013,11735,4466
0.579,0.105,0.1180,0.6396,12315,4784
0.579,0.158,0.1300,0.6837,12729,4880
0.579,0.211,0.1440,0.7047,13172,5023
0.579,0.263,0.1240,0.6647,13655,5352
0.579,0.316,0.1520,0.7557,14684,5572
0.579,0.368,0.1640,0.8020,14952,5630
0.579,0.421,0.1500,0.7555,15835,5902
0.579,0.474,0.1600,0.7940,16864,6115
0.579,0.526,0.1380,0.7144,17337,6438
0.579,0.579,0.1600,0.7838,17712,6489
0.579,0.632,0.1680,0.7894,18247,6860
0.579,0.684,0.1620,0.8002,18181,6937
0.579,0.737,0.1540,0.7715,18636,7113
0.579,0.789,0.1540,0.7736,20366,7317
0.579,0.842,0.1680,0.8208,19288,7461
0.579,0.895,0.1740,0.8406,20154,7617
0.579,0.947,0.1880,0.8712,21859,8050
0.579,1.000,0.1680,0.8194,20970,8199
0.632,0.000,0.0960,0.5521,10746,4206
0.632,0.053,0.1280,0.6725,10349,4532
0.632,0.105,0.1140,0.6256,11614,4771
0.632,0.158,0.1660,0.8052,11730,4877
0.632,0.211,0.1220,0.6565,11987,5097
0.632,0.263,0.1520,0.7619,12764,5229
0.632,0.316,0.1420,0.7290,12619,5512
0.632,0.368,0.1320,0.6877,13014,5634
0.632,0.421,0.1540,0.7206,14745,5806
0.632,0.474,0.1300,0.6856,14071,6110
0.632,0.526,0.1440,0.7385,15027,6246
0.632,0.579,0.1420,0.7205,15235,6498
0.632,0.632,0.1320,0.6927,15535,6671
0.632,0.684,0.1540,0.7598,16021,6969
0.632,0.737,0.1700,0.8228,17413,7153
0.632,0.789,0.1480,0.7464,17041,7251
0.632,0.842,0.1720,0.8002,18230,7520
0.632,0.895,0.1660,0.8143,18509,7621
0.632,0.947,0.1520,0.7665,18852,8077
0.632,1.000,0.1720,0.7896,19368,7919
0.684,0.000,0.1140,0.6166,10076,4402
0.684,0.053,0.1260,0.6672,9596,4537
0.684,0.105,0.1200,0.6469,10623,4790
0.684,0.158,0.1340,0.6885,10519,5081
0.684,0.211,0.1420,0.7224,11580,5068
0.684,0.263,0.1480,0.7348,11291,5402
0.684,0.316,0.1260,0.6722,11913,5565
0.684,0.368,0.1300,0.6847,11710,5741
0.684,0.421,0.1400,0.7100,12806,6100
0.684,0.474,0.1360,0.7042,13528,6036
0.684,0.526,0.1500,0.7476,13729,6323
0.684,0.579,0.1560,0.7806,14173,6453
0.684,0.632,0.1420,0.7290,14447,6641
0.684,0.684,0.1400,0.7239,13607,6844
0.684,0.737,0.1540,0.7499,14714,7161
0.684,0.789,0.1320,0.6917,14838,7246
0.684,0.842,0.1740,0.8319,16255,7454
0.684,0.895,0.1740,0.8173,16777,7702
0.684,0.947,0.1460,0.7448,18376,8000
0.684,1.000,0.1420,0.7314,16902,8065
0.737,0.000,0.1160,0.6338,8497,4568
0.737,0.053,0.1240,0.6363,9601,4542
0.737,0.105,0.1020,0.5773,9513,4822
0.737,0.158,0.1060,0.5935,9443,5057
0.737,0.211,0.1780,0.7966,9759,5069
0.737,0.263,0.1020,0.5766,10636,5215
0.737,0.316,0.1040,0.5854,11015,5577
0.737,0.368,0.1340,0.6862,11140,5633
0.737,0.421,0.1100,0.6054,11243,5863
0.737,0.474,0.1200,0.6396,12464,6284
0.737,0.526,0.1420,0.6988,12000,6356
0.737,0.579,0.1180,0.6410,12530,6483
0.737,0.632,0.1680,0.7623,13172,6705
0.737,0.684,0.1300,0.6872,12785,6852
0.737,0.737,0.1260,0.6718,13229,6995
0.737,0.789,0.1620,0.7931,13551,7206
0.737,0.842,0.1640,0.7992,14435,7321
0.737,0.895,0.1620,0.7996,14913,7617
0.737,0.947,0.1340,0.6944,14724,7591
0.737,1.000,0.1480,0.7500,16196,7955
0.789,0.000,0.1020,0.5759,8649,4566
0.789,0.053,0.1140,0.6246,7840,4756
0.789,0.105,0.1040,0.5815,8923,4951
0.789,0.158,0.0980,0.5556,9418,4958
0.789,0.211,0.1240,0.6363,9030,5293
0.789,0.263,0.1140,0.6258,9614,5265
0.789,0.316,0.1220,0.6571,9190,5554
0.789,0.368,0.1220,0.6559,10146,5874
0.789,0.421,0.1260,0.6577,10645,5888
0.789,0.474,0.1320,0.6927,11216,6192
0.789,0.526,0.1200,0.6493,11757,6297
0.789,0.579,0.1300,0.6708,11403,6552
0.789,0.632,0.1440,0.7347,11648,6662
0.789,0.684,0.1300,0.6775,11859,6764
0.789,0.737,0.1620,0.7858,12279,6985
0.789,0.789,0.1340,0.7021,12736,7109
0.789,0.842,0.1540,0.7695,14770,7567
0.789,0.895,0.1380,0.7093,13557,7565
0.789,0.947,0.1460,0.7400,13937,7686
0.789,1.000,0.1500,0.7476,13064,7893
0.842,0.000,0.1200,0.6374,7080,4660
0.842,0.053,0.1160,0.5947,8155,4706
0.842,0.105,0.0980,0.5604,8053,5023
0.842,0.158,0.1300,0.6863,7955,5124
0.842,0.211,0.1200,0.6478,8105,5157
0.842,0.263,0.1080,0.5909,9218,5411
0.842,0.316,0.1240,0.6648,8875,5751
0.842,0.368,0.1300,0.6872,9336,5807
0.842,0.421,0.1200,0.6374,9340,5969
0.842,0.474,0.1320,0.6906,10095,6223
0.842,0.526,0.1280,0.6708,11304,6325
0.842,0.579,0.1160,0.6313,10091,6544
0.842,0.632,0.1420,0.7313,10225,6781
0.842,0.684,0.1380,0.7122,11111,6761
0.842,0.737,0.1400,0.7229,10482,6988
0.842,0.789,0.1180,0.6344,10916,7048
0.842,0.842,0.1240,0.6633,11011,7231
0.842,0.895,0.1120,0.6142,11197,7356
0.842,0.947,0.1300,0.6809,12543,7675
0.842,1.000,0.1540,0.7654,11820,7724
0.895,0.000,0.1300,0.6552,6781,4523
0.895,0.053,0.1140,0.6067,6440,4753
0.895,0.105,0.1020,0.5759,7384,5106
0.895,0.158,0.1300,0.6793,7263,5183
0.895,0.211,0.1100,0.6054,8383,5331
0.895,0.263,0.1020,0.5739,7641,5366
0.895,0.316,0.1220,0.6364,8046,5699
0.895,0.368,0.1100,0.6099,8562,5751
0.895,0.421,0.1340,0.6960,9535,5943
0.895,0.474,0.1220,0.6569,8840,6132
0.895,0.526,0.1100,0.5956,8391,6259
0.895,0.579,0.1280,0.6791,9424,6465
0.895,0.632,0.1480,0.7199,10619,6710
0.895,0.684,0.1400,0.7202,9300,6765
0.895,0.737,0.1440,0.7114,9347,6975
0.895,0.789,0.1300,0.6837,10360,7237
0.895,0.842,0.1480,0.7521,11073,7290
0.895,0.895,0.1200,0.6446,10643,7471
0.895,0.947,0.1560,0.7348,12148,7701
0.895,1.000,0.1380,0.7122,11252,7760
0.947,0.000,0.0880,0.5145,5672,4605
0.947,0.053,0.1000,0.5671,6273,4779
0.947,0.105,0.0940,0.5422,6497,4970
0.947,0.158,0.1140,0.6238,6524,5175
0.947,0.211,0.1380,0.6961,7047,5265
0.947,0.263,0.1180,0.6360,6835,5599
0.947,0.316,0.1140,0.6238,7202,5686
0.947,0.368,0.1300,0.6621,7975,5831
0.947,0.421,0.1340,0.6907,8082,6075
0.947,0.474,0.1220,0.6419,9675,6199
0.947,0.526,0.1100,0.5929,8383,6350
0.947,0.579,0.1060,0.5924,8370,6451
0.947,0.632,0.1120,0.6179,9720,6683
0.947,0.684,0.1160,0.6329,8492,6784
0.947,0.737,0.1340,0.7006,8809,6874
0.947,0.789,0.1140,0.6184,8846,7032
0.947,0.842,0.1120,0.6170,8637,7076
0.947,0.895,0.1460,0.7310,9988,7420
0.947,0.947,0.1260,0.6712,10155,7522
0.947,1.000,0.1340,0.6974,11163,7776
1.000,0.000,0.0860,0.5087,5737,4698
1.000,0.053,0.1280,0.6767,6132,4781
1.000,0.105,0.0860,0.5081,5809,5033
1.000,0.158,0.1220,0.6464,7038,5235
1.000,0.211,0.1160,0.6338,6715,5403
1.000,0.263,0.0980,0.5570,6984,5576
1.000,0.316,0.1120,0.6153,7143,5798
1.000,0.368,0.1200,0.6493,7448,5695
1.000,0.421,0.1080,0.5799,7168,5993
1.000,0.474,0.1260,0.6657,7675,6092
1.000,0.526,0.1060,0.5931,9091,6395
1.000,0.579,0.1180,0.6326,8196,6477
1.000,0.632,0.1040,0.5838,8534,6698
1.000,0.684,0.1140,0.6252,7849,6896
1.000,0.737,0.1160,0.6313,9277,6876
1.000,0.789,0.1260,0.6685,8089,7076
1.000,0.842,0.1160,0.6313,8336,7256
1.000,0.895,0.1200,0.6490,7867,7245
1.000,0.947,0.1360,0.6950,10698,7737
1.000,1.000,0.1380,0.7134,9041,7511
